{
    "epoch": 132,
    "train_loss": 0.0001747085556620732,
    "train_accuracy": 99.87,
    "val_loss": 0.013763333962485195,
    "val_accuracy": 58.23,
    "learning_rate": 0.0483697869997594
}