{
    "epoch": 152,
    "train_loss": 0.0001170798763865605,
    "train_accuracy": 99.9525,
    "val_loss": 0.013774179343134164,
    "val_accuracy": 58.3,
    "learning_rate": 0.01828519412906474
}