{
    "epoch": 134,
    "train_loss": 0.00015862679812125863,
    "train_accuracy": 99.88,
    "val_loss": 0.013832689225673676,
    "val_accuracy": 58.63,
    "learning_rate": 0.04510489441796605
}