{
    "epoch": 21,
    "train_loss": 0.00845156127512455,
    "train_accuracy": 64.995,
    "val_loss": 0.012489346393942833,
    "val_accuracy": 51.13,
    "learning_rate": 0.06296151949778338
}