{
    "epoch": 61,
    "train_loss": 0.0017294109344482421,
    "train_accuracy": 94.32,
    "val_loss": 0.012017464916408063,
    "val_accuracy": 57.66,
    "learning_rate": 0.043484621492067714
}