{
    "epoch": 128,
    "train_loss": 0.0001941560939885676,
    "train_accuracy": 99.8325,
    "val_loss": 0.013724624128639697,
    "val_accuracy": 58.33,
    "learning_rate": 0.05490651038020997
}