{
    "epoch": 52,
    "train_loss": 0.0031433860152959825,
    "train_accuracy": 87.2025,
    "val_loss": 0.012047228749096394,
    "val_accuracy": 56.41,
    "learning_rate": 0.07212408981544056
}