{
    "epoch": 102,
    "train_loss": 0.0008202200983650983,
    "train_accuracy": 97.7275,
    "val_loss": 0.013627874177694321,
    "val_accuracy": 56.85,
    "learning_rate": 0.0906454725277806
}