{
    "epoch": 120,
    "train_loss": 0.000272769959946163,
    "train_accuracy": 99.64,
    "val_loss": 0.01368858422935009,
    "val_accuracy": 57.95,
    "learning_rate": 0.06761771868971211
}