{
    "epoch": 85,
    "train_loss": 0.002410720579326153,
    "train_accuracy": 90.0375,
    "val_loss": 0.014439666575193405,
    "val_accuracy": 52.9,
    "learning_rate": 0.09989328885929542
}