{
    "epoch": 16,
    "train_loss": 0.010924572591483593,
    "train_accuracy": 55.9575,
    "val_loss": 0.013205604869127273,
    "val_accuracy": 48.25,
    "learning_rate": 0.08968049624368321
}