{
    "epoch": 125,
    "train_loss": 0.0002261575492331758,
    "train_accuracy": 99.72,
    "val_loss": 0.013738138455152512,
    "val_accuracy": 58.04,
    "learning_rate": 0.059760045627287914
}