{
    "epoch": 19,
    "train_loss": 0.009371359662711621,
    "train_accuracy": 61.5425,
    "val_loss": 0.012439010965824128,
    "val_accuracy": 51.03,
    "learning_rate": 0.0750183566513716
}