{
    "test_loss": 0.013164364403486253,
    "test_accuracy": 58.27,
    "num_mistakes": 4173,
    "total_samples": 10000,
    "hierarchical_distance_avg": [
        1.3678,
        2.5585,
        2.5642,
        2.445985,
        2.011393
    ],
    "hierarchical_distance_top": [
        1.3678,
        0.3287,
        0.1497,
        0.0616,
        0.0
    ],
    "hierarchical_distance_mistakes": [
        3.277737838485502,
        2.7037143541816437,
        2.6580158159597413,
        2.5453271028037383,
        2.102588066139468
    ],
    "hierarchical_precision": [
        84.80222222222223,
        78.55487804878047,
        79.4543209876543,
        81.41633540372668,
        99.94861417007527
    ],
    "hierarchical_mAP": [
        84.80222222222223,
        80.42691238931639,
        79.72220706544022,
        80.16112330325016,
        87.64242457376518
    ]
}