{
    "epoch": 39,
    "train_loss": 1.1020787366867066,
    "train_accuracy": 67.28,
    "val_loss": 2.072515460014343,
    "val_accuracy": 52.42,
    "learning_rate": 0.09829901328567128
}