{
    "epoch": 45,
    "train_loss": 0.6879594864845275,
    "train_accuracy": 78.485,
    "val_loss": 2.3657591403007507,
    "val_accuracy": 53.24,
    "learning_rate": 0.0896741341581498
}