{
    "epoch": 41,
    "train_loss": 0.9505229537963867,
    "train_accuracy": 70.9925,
    "val_loss": 2.197999750614166,
    "val_accuracy": 52.08,
    "learning_rate": 0.09619801468570835
}