{
    "epoch": 33,
    "train_loss": 0.5258664615154266,
    "train_accuracy": 83.965,
    "val_loss": 1.9868691928863524,
    "val_accuracy": 57.38,
    "learning_rate": 0.0017101078517881574
}