{
    "epoch": 20,
    "train_loss": 1.7026576444625854,
    "train_accuracy": 52.4325,
    "val_loss": 2.0139481672286985,
    "val_accuracy": 48.14,
    "learning_rate": 0.06915379718716227
}