{
    "epoch": 18,
    "train_loss": 1.9232685592651366,
    "train_accuracy": 47.42,
    "val_loss": 2.20111905670166,
    "val_accuracy": 43.99,
    "learning_rate": 0.08045485365201567
}