{
    "epoch": 49,
    "train_loss": 0.47061502346992495,
    "train_accuracy": 84.845,
    "val_loss": 2.6499337076187133,
    "val_accuracy": 54.6,
    "learning_rate": 0.08044656102649374
}