{
    "test_loss": 2.436007069015503,
    "test_accuracy": 52.91,
    "num_mistakes": 4709,
    "total_samples": 10000,
    "hierarchical_distance_avg": [
        1.539,
        2.6107,
        2.61455,
        2.51243,
        2.012275
    ],
    "hierarchical_distance_top": [
        1.539,
        0.3782,
        0.1746,
        0.065,
        0.0
    ],
    "hierarchical_distance_mistakes": [
        3.2682098110002125,
        2.738245912083245,
        2.705181567211722,
        2.6214058186451474,
        2.112815884476534
    ],
    "hierarchical_precision": [
        82.9,
        77.91829268292682,
        78.83271604938271,
        80.5909316770186,
        99.93600011441325
    ],
    "hierarchical_mAP": [
        82.9,
        79.5343388930916,
        78.98506776420898,
        79.42291952796957,
        86.83673745696606
    ]
}