{
    "epoch": 54,
    "train_loss": 0.5301610589027405,
    "train_accuracy": 84.305,
    "val_loss": 2.357167803955078,
    "val_accuracy": 50.32,
    "learning_rate": 0.0017580688544335627
}