{
    "epoch": 61,
    "train_loss": 0.4277878245353699,
    "train_accuracy": 87.145,
    "val_loss": 2.3910100885391237,
    "val_accuracy": 52.65,
    "learning_rate": 0.00198170879053579
}