{
    "epoch": 146,
    "train_loss": 0.06896154272854328,
    "train_accuracy": 97.8325,
    "val_loss": 3.0372107524871828,
    "val_accuracy": 57.61,
    "learning_rate": 0.004697336586062954
}