{
    "epoch": 10,
    "train_loss": 2.720547254180908,
    "train_accuracy": 33.875,
    "val_loss": 2.6833033668518067,
    "val_accuracy": 33.57,
    "learning_rate": 0.0003523321132195004
}