{
    "epoch": 115,
    "train_loss": 0.0938243703365326,
    "train_accuracy": 97.115,
    "val_loss": 2.7852063097000124,
    "val_accuracy": 55.98,
    "learning_rate": 0.003706931154753041
}