{
    "epoch": 13,
    "train_loss": 2.4150261150360106,
    "train_accuracy": 39.6675,
    "val_loss": 2.476904052734375,
    "val_accuracy": 37.19,
    "learning_rate": 0.0004481778001204612
}