{
    "epoch": 85,
    "train_loss": 0.1875491385936737,
    "train_accuracy": 94.3075,
    "val_loss": 2.744722997093201,
    "val_accuracy": 53.25,
    "learning_rate": 0.0027484742857434323
}