{
    "epoch": 69,
    "train_loss": 0.3343047417163849,
    "train_accuracy": 89.595,
    "val_loss": 2.5124590244293215,
    "val_accuracy": 52.58,
    "learning_rate": 0.0022372972889383226
}