{
    "epoch": 17,
    "train_loss": 2.0666123832702636,
    "train_accuracy": 47.1375,
    "val_loss": 2.307330699920654,
    "val_accuracy": 41.14,
    "learning_rate": 0.0005759720493217275
}