{
    "epoch": 74,
    "train_loss": 0.27649492151737215,
    "train_accuracy": 91.545,
    "val_loss": 2.9154312759399414,
    "val_accuracy": 50.69,
    "learning_rate": 0.002397040100439939
}