{
    "epoch": 117,
    "train_loss": 0.09259749763011932,
    "train_accuracy": 97.1575,
    "val_loss": 2.975791318130493,
    "val_accuracy": 54.97,
    "learning_rate": 0.0037708282793536517
}