{
    "epoch": 51,
    "train_loss": 0.5905359268188477,
    "train_accuracy": 82.8975,
    "val_loss": 2.0838180778503417,
    "val_accuracy": 53.29,
    "learning_rate": 0.001662223167532602
}