{
    "epoch": 59,
    "train_loss": 0.44835551533699036,
    "train_accuracy": 86.58,
    "val_loss": 2.2640560098648073,
    "val_accuracy": 52.56,
    "learning_rate": 0.0019178116659351345
}