{
    "epoch": 166,
    "train_loss": 0.07487731768786907,
    "train_accuracy": 97.6575,
    "val_loss": 3.1751220794677733,
    "val_accuracy": 56.21,
    "learning_rate": 0.00533630783206933
}