{
    "epoch": 80,
    "train_loss": 0.21547490882873535,
    "train_accuracy": 93.4525,
    "val_loss": 2.5644899309158324,
    "val_accuracy": 53.87,
    "learning_rate": 0.0025887314742418606
}