{
    "epoch": 132,
    "train_loss": 0.07191488995552063,
    "train_accuracy": 97.845,
    "val_loss": 3.0693254287719727,
    "val_accuracy": 55.3,
    "learning_rate": 0.004250056713858455
}