{
    "epoch": 77,
    "train_loss": 0.22645743072032928,
    "train_accuracy": 93.2175,
    "val_loss": 2.5316999500274657,
    "val_accuracy": 53.78,
    "learning_rate": 0.0024928857873408997
}