{
    "epoch": 108,
    "train_loss": 0.09627399055957794,
    "train_accuracy": 97.115,
    "val_loss": 2.641237089729309,
    "val_accuracy": 56.36,
    "learning_rate": 0.0034832912186508135
}