{
    "epoch": 37,
    "train_loss": 1.0022908376693727,
    "train_accuracy": 72.17,
    "val_loss": 1.9373071707725524,
    "val_accuracy": 51.9,
    "learning_rate": 0.0012149432953281033
}