{
    "epoch": 34,
    "train_loss": 1.1244485904693604,
    "train_accuracy": 68.815,
    "val_loss": 2.050059433746338,
    "val_accuracy": 49.13,
    "learning_rate": 0.0011190976084271425
}