{
    "epoch": 66,
    "train_loss": 0.3659079835414886,
    "train_accuracy": 88.9425,
    "val_loss": 2.448006208229065,
    "val_accuracy": 52.47,
    "learning_rate": 0.0021414516020373617
}