{
    "epoch": 50,
    "train_loss": 0.6176156373500824,
    "train_accuracy": 82.1475,
    "val_loss": 2.1909861985206605,
    "val_accuracy": 51.14,
    "learning_rate": 0.001630274605232252
}