{
    "epoch": 104,
    "train_loss": 0.09952434760332107,
    "train_accuracy": 97.1575,
    "val_loss": 2.696620362663269,
    "val_accuracy": 55.48,
    "learning_rate": 0.003355496969449503
}