{
    "epoch": 53,
    "train_loss": 0.543118247795105,
    "train_accuracy": 84.12,
    "val_loss": 2.231630472946167,
    "val_accuracy": 51.79,
    "learning_rate": 0.0017261202921332128
}