{
    "epoch": 152,
    "train_loss": 0.053792699798941614,
    "train_accuracy": 98.4025,
    "val_loss": 2.901129538154602,
    "val_accuracy": 57.66,
    "learning_rate": 0.004889027959864876
}