{
    "test_loss": 2.931068881034851,
    "test_accuracy": 55.55,
    "num_mistakes": 4445,
    "total_samples": 10000,
    "hierarchical_distance_avg": [
        1.4582,
        2.55682,
        2.5782,
        2.481655,
        2.012146
    ],
    "hierarchical_distance_top": [
        1.4582,
        0.3682,
        0.1677,
        0.0649,
        0.0
    ],
    "hierarchical_distance_mistakes": [
        3.2805399325084363,
        2.723689538807649,
        2.6874015748031495,
        2.589898762654668,
        2.0979370078740156
    ],
    "hierarchical_precision": [
        83.79777777777777,
        78.57536585365852,
        79.28148148148148,
        80.97322981366459,
        99.9378450273162
    ],
    "hierarchical_mAP": [
        83.79777777777777,
        80.20196619509296,
        79.56550938379918,
        79.90805702546936,
        87.219055020339
    ]
}