{
    "epoch": 30,
    "train_loss": 0.85937775182724,
    "train_accuracy": 74.1725,
    "val_loss": 1.8408135561943053,
    "val_accuracy": 56.65,
    "learning_rate": 0.01034596250568593
}