{
    "epoch": 7,
    "train_loss": 2.893703991317749,
    "train_accuracy": 26.565,
    "val_loss": 2.8806821655273436,
    "val_accuracy": 27.74,
    "learning_rate": 0.025036976416907296
}