{
    "epoch": 40,
    "train_loss": 1.122555749320984,
    "train_accuracy": 66.6725,
    "val_loss": 2.0493952216148377,
    "val_accuracy": 51.06,
    "learning_rate": 0.0973498926700018
}