{
    "epoch": 8,
    "train_loss": 2.7442881042480467,
    "train_accuracy": 29.585,
    "val_loss": 2.679806170272827,
    "val_accuracy": 31.24,
    "learning_rate": 0.014675098466574991
}