{
    "epoch": 20,
    "train_loss": 1.7446048986434937,
    "train_accuracy": 51.5425,
    "val_loss": 2.039291884994507,
    "val_accuracy": 47.19,
    "learning_rate": 0.06915379718716227
}