{
    "epoch": 9,
    "train_loss": 2.6182746059417723,
    "train_accuracy": 32.53,
    "val_loss": 2.6070565147399902,
    "val_accuracy": 33.06,
    "learning_rate": 0.006720588252759368
}