{
    "epoch": 43,
    "train_loss": 0.917058623790741,
    "train_accuracy": 72.0675,
    "val_loss": 2.0529016521453856,
    "val_accuracy": 53.27,
    "learning_rate": 0.09330656380110212
}