{
    "epoch": 38,
    "train_loss": 1.269839218902588,
    "train_accuracy": 62.7225,
    "val_loss": 2.1116618156433105,
    "val_accuracy": 49.26,
    "learning_rate": 0.09904131225252887
}