{
    "epoch": 19,
    "train_loss": 1.8388289400100708,
    "train_accuracy": 49.0625,
    "val_loss": 2.1674353630065917,
    "val_accuracy": 44.43,
    "learning_rate": 0.0750183566513716
}