{
    "epoch": 36,
    "train_loss": 1.5211270063400268,
    "train_accuracy": 57.0625,
    "val_loss": 2.2599783447265627,
    "val_accuracy": 45.3,
    "learning_rate": 0.09989362994073325
}