{
    "epoch": 0,
    "train_loss": 4.8646537376403804,
    "train_accuracy": 3.935,
    "val_loss": 4.223429809570312,
    "val_accuracy": 5.58,
    "learning_rate": 0.0983071154165124
}