{
    "test_loss": 2.2032779609680175,
    "test_accuracy": 52.83,
    "num_mistakes": 4717,
    "total_samples": 10000,
    "hierarchical_distance_avg": [
        1.5956,
        2.6428,
        2.65453,
        2.55598,
        2.01826
    ],
    "hierarchical_distance_top": [
        1.5956,
        0.3648,
        0.1641,
        0.0578,
        0.0
    ],
    "hierarchical_distance_mistakes": [
        3.3826584693661226,
        2.7874072503709986,
        2.759126563493746,
        2.674878100487598,
        2.1202840788636848
    ],
    "hierarchical_precision": [
        82.27111111111111,
        77.52682926829267,
        78.33913580246913,
        80.04993788819871,
        99.85040473670658
    ],
    "hierarchical_mAP": [
        82.27111111111111,
        79.13631206875061,
        78.53662462038139,
        78.9383607633861,
        86.39548183282646
    ]
}