{
    "epoch": 40,
    "train_loss": 0.9176750659942627,
    "train_accuracy": 72.18,
    "val_loss": 2.129912660598755,
    "val_accuracy": 52.95,
    "learning_rate": 0.0973498926700018
}