{
    "epoch": 20,
    "train_loss": 1.5521791376113891,
    "train_accuracy": 56.0625,
    "val_loss": 2.0130625524520873,
    "val_accuracy": 48.56,
    "learning_rate": 0.06915379718716227
}