{
    "epoch": 9,
    "train_loss": 2.5975381801605226,
    "train_accuracy": 33.4825,
    "val_loss": 2.619654233169556,
    "val_accuracy": 33.61,
    "learning_rate": 0.006720588252759368
}