{
    "epoch": 31,
    "train_loss": 0.4886552991867065,
    "train_accuracy": 84.785,
    "val_loss": 1.9927458368301392,
    "val_accuracy": 58.12,
    "learning_rate": 0.0067101217523867955
}