{
    "epoch": 11,
    "train_loss": 2.4433916175842287,
    "train_accuracy": 36.735,
    "val_loss": 2.5330849060058593,
    "val_accuracy": 35.26,
    "learning_rate": 1.0174897748445454e-06
}