{
    "epoch": 41,
    "train_loss": 0.8510295051574707,
    "train_accuracy": 73.6875,
    "val_loss": 2.1653189586639403,
    "val_accuracy": 53.33,
    "learning_rate": 0.09619801468570835
}