{
    "epoch": 0,
    "train_loss": 4.810967958068848,
    "train_accuracy": 4.7625,
    "val_loss": 4.184855537414551,
    "val_accuracy": 7.2,
    "learning_rate": 0.0983071154165124
}