{
    "epoch": 48,
    "train_loss": 0.4561773542404175,
    "train_accuracy": 85.2275,
    "val_loss": 2.6294353744506838,
    "val_accuracy": 54.14,
    "learning_rate": 0.08297532095367302
}