{
    "test_loss": 2.4635858654022216,
    "test_accuracy": 53.74,
    "num_mistakes": 4626,
    "total_samples": 10000,
    "hierarchical_distance_avg": [
        1.5136,
        2.629,
        2.63227,
        2.520215,
        2.006515
    ],
    "hierarchical_distance_top": [
        1.5136,
        0.3622,
        0.1583,
        0.0575,
        0.0
    ],
    "hierarchical_distance_mistakes": [
        3.2719412019022913,
        2.735322092520536,
        2.7054907047124948,
        2.6138348465196715,
        2.096683960224816
    ],
    "hierarchical_precision": [
        83.18222222222222,
        77.69512195121952,
        78.61395061728392,
        80.49422360248444,
        100.01837762077746
    ],
    "hierarchical_mAP": [
        83.18222222222222,
        79.4602765352231,
        78.81441327314042,
        79.25288980555337,
        86.85626271799907
    ]
}