{
    "epoch": 14,
    "train_loss": 2.4565053581237795,
    "train_accuracy": 35.56,
    "val_loss": 2.5872362949371337,
    "val_accuracy": 34.06,
    "learning_rate": 0.096202012665638
}