{
    "epoch": 39,
    "train_loss": 1.143449603652954,
    "train_accuracy": 66.0325,
    "val_loss": 2.0529494140625,
    "val_accuracy": 50.48,
    "learning_rate": 0.09829901328567128
}