{
    "epoch": 18,
    "train_loss": 1.9136258846282959,
    "train_accuracy": 47.585,
    "val_loss": 2.175995262336731,
    "val_accuracy": 44.17,
    "learning_rate": 0.08045485365201567
}