{
    "epoch": 44,
    "train_loss": 0.8045911852836609,
    "train_accuracy": 75.07,
    "val_loss": 2.172547994995117,
    "val_accuracy": 53.24,
    "learning_rate": 0.0915793725373808
}