{
    "epoch": 6,
    "train_loss": 3.1751379676818847,
    "train_accuracy": 21.2125,
    "val_loss": 3.117490417098999,
    "val_accuracy": 23.13,
    "learning_rate": 0.03710007724525407
}