{
    "epoch": 9,
    "train_loss": 2.720568270111084,
    "train_accuracy": 30.375,
    "val_loss": 2.690086519241333,
    "val_accuracy": 31.75,
    "learning_rate": 0.006720588252759368
}