{
    "epoch": 41,
    "train_loss": 0.9954949848175049,
    "train_accuracy": 70.1625,
    "val_loss": 2.0691924020767214,
    "val_accuracy": 51.82,
    "learning_rate": 0.09619801468570835
}