{
    "epoch": 7,
    "train_loss": 3.006958460235596,
    "train_accuracy": 24.5475,
    "val_loss": 2.9817379642486572,
    "val_accuracy": 25.99,
    "learning_rate": 0.025036976416907296
}