{
    "epoch": 0,
    "train_loss": 4.952374657440186,
    "train_accuracy": 3.19,
    "val_loss": 4.364493035125732,
    "val_accuracy": 4.86,
    "learning_rate": 0.0983071154165124
}