{
    "epoch": 35,
    "train_loss": 0.5645787860870362,
    "train_accuracy": 83.1225,
    "val_loss": 1.8901239191055297,
    "val_accuracy": 57.27,
    "learning_rate": 1.0043724439026478e-06
}