{
    "epoch": 19,
    "train_loss": 1.8060739940643311,
    "train_accuracy": 49.92,
    "val_loss": 2.095787018966675,
    "val_accuracy": 45.4,
    "learning_rate": 0.0750183566513716
}