{
    "epoch": 37,
    "train_loss": 1.3057406850814819,
    "train_accuracy": 61.865,
    "val_loss": 2.0052647304534914,
    "val_accuracy": 51.33,
    "learning_rate": 0.09957361093243863
}