{
    "epoch": 46,
    "train_loss": 0.6978588047981262,
    "train_accuracy": 77.855,
    "val_loss": 2.313417132091522,
    "val_accuracy": 53.53,
    "learning_rate": 0.08759900718664647
}