{
    "epoch": 24,
    "train_loss": 1.328817184829712,
    "train_accuracy": 61.785,
    "val_loss": 1.9013272060394286,
    "val_accuracy": 52.4,
    "learning_rate": 0.0434949876169479
}