{
    "epoch": 12,
    "train_loss": 2.9448376834869383,
    "train_accuracy": 25.3625,
    "val_loss": 2.9393110103607176,
    "val_accuracy": 25.89,
    "learning_rate": 0.09957497235103926
}