{
    "epoch": 8,
    "train_loss": 2.8584685108184815,
    "train_accuracy": 27.455,
    "val_loss": 2.7996520000457763,
    "val_accuracy": 29.34,
    "learning_rate": 0.014675098466574991
}