{
    "test_loss": 2.35005664024353,
    "test_accuracy": 54.2,
    "num_mistakes": 4580,
    "total_samples": 10000,
    "hierarchical_distance_avg": [
        1.492,
        2.5934,
        2.60728,
        2.5054,
        1.997956
    ],
    "hierarchical_distance_top": [
        1.492,
        0.3587,
        0.164,
        0.0582,
        0.0
    ],
    "hierarchical_distance_mistakes": [
        3.2576419213973797,
        2.6958515283842797,
        2.6712663755458514,
        2.5888318777292576,
        2.0855262008733626
    ],
    "hierarchical_precision": [
        83.42222222222223,
        78.12926829268291,
        78.92246913580244,
        80.67826086956518,
        100.14078544664054
    ],
    "hierarchical_mAP": [
        83.42222222222223,
        79.8754126840862,
        79.20837568773855,
        79.57848095216386,
        87.02648565543868
    ]
}