{
    "epoch": 7,
    "train_loss": 2.859052724456787,
    "train_accuracy": 27.3125,
    "val_loss": 2.790190766143799,
    "val_accuracy": 29.27,
    "learning_rate": 0.025036976416907296
}