{
    "epoch": 118,
    "train_loss": 0.03559866844192147,
    "train_accuracy": 98.85,
    "val_loss": 3.8032634786605835,
    "val_accuracy": 59.48,
    "learning_rate": 0.07064040662948552
}