{
    "epoch": 140,
    "train_loss": 0.004449277221038938,
    "train_accuracy": 99.87,
    "val_loss": 4.008826000785827,
    "val_accuracy": 60.7,
    "learning_rate": 0.03549141383275244
}