{
    "epoch": 73,
    "train_loss": 0.01254085501395166,
    "train_accuracy": 99.695,
    "val_loss": 3.316523249435425,
    "val_accuracy": 60.88,
    "learning_rate": 0.01033959521681307
}