{
    "epoch": 50,
    "train_loss": 0.4217452759742737,
    "train_accuracy": 86.1375,
    "val_loss": 2.5234987686157226,
    "val_accuracy": 55.37,
    "learning_rate": 0.07778742639183467
}