{
    "epoch": 120,
    "train_loss": 0.02700842963978648,
    "train_accuracy": 99.1175,
    "val_loss": 3.8131868465423584,
    "val_accuracy": 59.57,
    "learning_rate": 0.06761771868971211
}