{
    "epoch": 144,
    "train_loss": 0.0034764267947059125,
    "train_accuracy": 99.9225,
    "val_loss": 3.9939956911087036,
    "val_accuracy": 60.71,
    "learning_rate": 0.029370116581643155
}