{
    "epoch": 51,
    "train_loss": 0.36836119151115415,
    "train_accuracy": 87.96,
    "val_loss": 2.7315031269073486,
    "val_accuracy": 55.45,
    "learning_rate": 0.07500930387243922
}