{
    "epoch": 121,
    "train_loss": 0.021707660257071257,
    "train_accuracy": 99.3075,
    "val_loss": 3.848190459251404,
    "val_accuracy": 60.17,
    "learning_rate": 0.06607726260232522
}