{
    "epoch": 160,
    "train_loss": 0.0014806743365246803,
    "train_accuracy": 99.9675,
    "val_loss": 4.008015313720703,
    "val_accuracy": 61.04,
    "learning_rate": 0.009361617359569476
}