{
    "epoch": 54,
    "train_loss": 0.27307898404598235,
    "train_accuracy": 91.0875,
    "val_loss": 2.888443580055237,
    "val_accuracy": 56.43,
    "learning_rate": 0.06608221248348639
}