{
    "epoch": 149,
    "train_loss": 0.0030445290760369973,
    "train_accuracy": 99.925,
    "val_loss": 4.004143337249756,
    "val_accuracy": 60.87,
    "learning_rate": 0.02222661285262064
}