{
    "epoch": 9,
    "train_loss": 2.5443488334655764,
    "train_accuracy": 33.92,
    "val_loss": 2.5151665340423586,
    "val_accuracy": 34.9,
    "learning_rate": 0.006720588252759368
}