{
    "epoch": 96,
    "train_loss": 0.16286587617397308,
    "train_accuracy": 94.6375,
    "val_loss": 3.265185787010193,
    "val_accuracy": 56.1,
    "learning_rate": 0.0955453930206405
}