{
    "epoch": 36,
    "train_loss": 1.406142153930664,
    "train_accuracy": 59.595,
    "val_loss": 2.100857253074646,
    "val_accuracy": 48.33,
    "learning_rate": 0.09989362994073325
}