{
    "epoch": 38,
    "train_loss": 1.1295740550994873,
    "train_accuracy": 66.24,
    "val_loss": 2.0284935285568237,
    "val_accuracy": 52.03,
    "learning_rate": 0.09904131225252887
}