{
    "epoch": 155,
    "train_loss": 0.0017512961510103195,
    "train_accuracy": 99.9625,
    "val_loss": 4.019955933380127,
    "val_accuracy": 61.38,
    "learning_rate": 0.014649211138395705
}