{
    "epoch": 77,
    "train_loss": 0.008820103975571692,
    "train_accuracy": 99.8125,
    "val_loss": 3.362194429397583,
    "val_accuracy": 60.79,
    "learning_rate": 0.0038109873339179237
}