{
    "epoch": 94,
    "train_loss": 0.20163248479366302,
    "train_accuracy": 93.315,
    "val_loss": 3.3093653854370118,
    "val_accuracy": 56.1,
    "learning_rate": 0.09679716954137191
}