{
    "epoch": 83,
    "train_loss": 0.008248480170965194,
    "train_accuracy": 99.8525,
    "val_loss": 3.321517140197754,
    "val_accuracy": 61.06,
    "learning_rate": 1.0010931109895395e-06
}