{
    "epoch": 139,
    "train_loss": 0.0050592462936416265,
    "train_accuracy": 99.8675,
    "val_loss": 3.9711437837600707,
    "val_accuracy": 60.42,
    "learning_rate": 0.03706472667122691
}