{
    "epoch": 46,
    "train_loss": 0.6048447598457336,
    "train_accuracy": 80.595,
    "val_loss": 2.345103572463989,
    "val_accuracy": 53.81,
    "learning_rate": 0.08759900718664647
}