{
    "epoch": 65,
    "train_loss": 0.03680569355338812,
    "train_accuracy": 98.915,
    "val_loss": 3.249447304534912,
    "val_accuracy": 59.86,
    "learning_rate": 0.03087617943393123
}