{
    "epoch": 70,
    "train_loss": 0.01791681400388479,
    "train_accuracy": 99.51,
    "val_loss": 3.3733335176467896,
    "val_accuracy": 60.46,
    "learning_rate": 0.01704140023095753
}