{
    "epoch": 138,
    "train_loss": 0.0045432054518722,
    "train_accuracy": 99.8825,
    "val_loss": 3.952957409286499,
    "val_accuracy": 61.28,
    "learning_rate": 0.03865189145978759
}