{
    "epoch": 131,
    "train_loss": 0.009672069056518375,
    "train_accuracy": 99.7275,
    "val_loss": 3.9467256593704225,
    "val_accuracy": 60.53,
    "learning_rate": 0.05000572757127253
}