{
    "epoch": 136,
    "train_loss": 0.0059563990890048445,
    "train_accuracy": 99.8175,
    "val_loss": 3.9624275129318236,
    "val_accuracy": 61.28,
    "learning_rate": 0.04186096557086201
}