{
    "epoch": 23,
    "train_loss": 1.294604552268982,
    "train_accuracy": 62.39,
    "val_loss": 1.8049799755096436,
    "val_accuracy": 53.51,
    "learning_rate": 0.050021410284518696
}