{
    "epoch": 119,
    "train_loss": 0.03174226259738207,
    "train_accuracy": 99.005,
    "val_loss": 3.8841694904327393,
    "val_accuracy": 59.47,
    "learning_rate": 0.06913930981806288
}