{
    "epoch": 32,
    "train_loss": 0.5210411339759826,
    "train_accuracy": 83.8275,
    "val_loss": 1.9260545097351074,
    "val_accuracy": 58.21,
    "learning_rate": 0.0038149913732646837
}