{
    "epoch": 179,
    "train_loss": 0.0016427866679616272,
    "train_accuracy": 99.96,
    "val_loss": 4.005154206466675,
    "val_accuracy": 61.12,
    "learning_rate": 1.0002732777487726e-06
}