{
    "epoch": 126,
    "train_loss": 0.015178759194910527,
    "train_accuracy": 99.525,
    "val_loss": 3.9688332984924317,
    "val_accuracy": 60.04,
    "learning_rate": 0.05815034992581608
}