{
    "epoch": 24,
    "train_loss": 1.2049186410903931,
    "train_accuracy": 64.7875,
    "val_loss": 1.8713057193756104,
    "val_accuracy": 53.32,
    "learning_rate": 0.0434949876169479
}