{
    "epoch": 79,
    "train_loss": 0.009619413847103716,
    "train_accuracy": 99.795,
    "val_loss": 3.343048039627075,
    "val_accuracy": 61.08,
    "learning_rate": 0.0017073986943189968
}