{
    "epoch": 12,
    "train_loss": 2.8115278438568114,
    "train_accuracy": 27.69,
    "val_loss": 2.7294127830505373,
    "val_accuracy": 29.86,
    "learning_rate": 0.09957497235103926
}