{
    "epoch": 62,
    "train_loss": 0.07242055772840977,
    "train_accuracy": 97.7125,
    "val_loss": 3.1771498008728027,
    "val_accuracy": 59.39,
    "learning_rate": 0.04025633590746662
}