{
    "epoch": 53,
    "train_loss": 0.30628387176990507,
    "train_accuracy": 89.8625,
    "val_loss": 2.7932265939712524,
    "val_accuracy": 55.78,
    "learning_rate": 0.06914413915037691
}