{
    "test_loss": 3.5126425407409667,
    "test_accuracy": 60.53,
    "num_mistakes": 3947,
    "total_samples": 10000,
    "hierarchical_distance_avg": [
        1.3228,
        2.56762,
        2.57988,
        2.469945,
        2.004505
    ],
    "hierarchical_distance_top": [
        1.3228,
        0.2826,
        0.1288,
        0.0499,
        0.0
    ],
    "hierarchical_distance_mistakes": [
        3.3514061312389156,
        2.745933620471244,
        2.701621484671903,
        2.6002913605269824,
        2.1142386622751457
    ],
    "hierarchical_precision": [
        85.30222222222223,
        78.44365853658535,
        79.26074074074072,
        81.11869565217388,
        100.04712393810246
    ],
    "hierarchical_mAP": [
        85.30222222222223,
        80.54412773821427,
        79.7123170794156,
        80.02789644711899,
        87.31102854182932
    ]
}