{
    "epoch": 76,
    "train_loss": 0.009748931512236596,
    "train_accuracy": 99.795,
    "val_loss": 3.355237422180176,
    "val_accuracy": 60.5,
    "learning_rate": 0.005161936531394822
}