{
    "epoch": 62,
    "train_loss": 0.07137701472938061,
    "train_accuracy": 97.655,
    "val_loss": 3.2073842515945437,
    "val_accuracy": 58.62,
    "learning_rate": 0.04025633590746662
}