{
    "epoch": 152,
    "train_loss": 0.0020007926131482235,
    "train_accuracy": 99.95,
    "val_loss": 4.012102466964722,
    "val_accuracy": 60.99,
    "learning_rate": 0.01828519412906474
}