{
    "epoch": 114,
    "train_loss": 0.045460996001958846,
    "train_accuracy": 98.5225,
    "val_loss": 3.7775821075439455,
    "val_accuracy": 58.77,
    "learning_rate": 0.0764080676192126
}