{
    "epoch": 53,
    "train_loss": 0.285596471118927,
    "train_accuracy": 90.655,
    "val_loss": 2.888777691268921,
    "val_accuracy": 55.86,
    "learning_rate": 0.06914413915037691
}