{
    "epoch": 0,
    "train_loss": 4.95538497543335,
    "train_accuracy": 3.165,
    "val_loss": 4.2781778305053715,
    "val_accuracy": 4.58,
    "learning_rate": 0.0983071154165124
}