{
    "epoch": 33,
    "train_loss": 0.47320433592796324,
    "train_accuracy": 85.6675,
    "val_loss": 1.9636738940238954,
    "val_accuracy": 58.16,
    "learning_rate": 0.0017101078517881574
}