{
    "epoch": 85,
    "train_loss": 0.35577232871055603,
    "train_accuracy": 88.505,
    "val_loss": 2.862214337539673,
    "val_accuracy": 54.38,
    "learning_rate": 0.09989328885929542
}