{
    "epoch": 158,
    "train_loss": 0.0016549693212960846,
    "train_accuracy": 99.96,
    "val_loss": 4.023402217674255,
    "val_accuracy": 60.94,
    "learning_rate": 0.011353680384444178
}