{
    "epoch": 139,
    "train_loss": 0.00420525452287402,
    "train_accuracy": 99.8925,
    "val_loss": 3.9907353843688966,
    "val_accuracy": 60.96,
    "learning_rate": 0.03706472667122691
}