{
    "epoch": 8,
    "train_loss": 2.830310818481445,
    "train_accuracy": 28.5525,
    "val_loss": 2.781936325073242,
    "val_accuracy": 29.81,
    "learning_rate": 0.014675098466574991
}