{
    "epoch": 171,
    "train_loss": 0.0013580385390552692,
    "train_accuracy": 99.9775,
    "val_loss": 4.023917421150207,
    "val_accuracy": 61.13,
    "learning_rate": 0.0017060449074307274
}