{
    "epoch": 45,
    "train_loss": 0.6467516693115234,
    "train_accuracy": 79.545,
    "val_loss": 2.3840883014678953,
    "val_accuracy": 53.33,
    "learning_rate": 0.0896741341581498
}