{
    "epoch": 70,
    "train_loss": 0.016868494560569526,
    "train_accuracy": 99.54,
    "val_loss": 3.3330715633392334,
    "val_accuracy": 60.2,
    "learning_rate": 0.01704140023095753
}