{
    "epoch": 39,
    "train_loss": 1.056265279006958,
    "train_accuracy": 68.3525,
    "val_loss": 2.0718084652900695,
    "val_accuracy": 52.08,
    "learning_rate": 0.09829901328567128
}