{
    "epoch": 41,
    "train_loss": 0.9070251381874085,
    "train_accuracy": 72.2975,
    "val_loss": 2.2705778414726256,
    "val_accuracy": 51.73,
    "learning_rate": 0.09619801468570835
}