{
    "epoch": 9,
    "train_loss": 2.694864916610718,
    "train_accuracy": 31.14,
    "val_loss": 2.661070101928711,
    "val_accuracy": 32.76,
    "learning_rate": 0.006720588252759368
}