{
    "epoch": 143,
    "train_loss": 0.0028065311367157847,
    "train_accuracy": 99.9225,
    "val_loss": 4.020070845413208,
    "val_accuracy": 60.83,
    "learning_rate": 0.03087134947414399
}