{
    "epoch": 37,
    "train_loss": 1.2229007972717285,
    "train_accuracy": 63.8875,
    "val_loss": 2.0878843687057493,
    "val_accuracy": 51.24,
    "learning_rate": 0.09957361093243863
}