{
    "epoch": 118,
    "train_loss": 0.03419241306632757,
    "train_accuracy": 98.855,
    "val_loss": 4.001191903305053,
    "val_accuracy": 58.57,
    "learning_rate": 0.07064040662948552
}