{
    "epoch": 21,
    "train_loss": 1.5358131160736084,
    "train_accuracy": 56.5725,
    "val_loss": 1.9626486392974853,
    "val_accuracy": 49.25,
    "learning_rate": 0.06296151949778338
}