{
    "epoch": 132,
    "train_loss": 0.007927435387577862,
    "train_accuracy": 99.785,
    "val_loss": 3.9600426614761353,
    "val_accuracy": 60.07,
    "learning_rate": 0.0483697869997594
}