{
    "epoch": 34,
    "train_loss": 0.4472136452674866,
    "train_accuracy": 86.515,
    "val_loss": 1.9493226368904113,
    "val_accuracy": 58.18,
    "learning_rate": 0.000431486328593662
}