{
    "epoch": 128,
    "train_loss": 0.013801691724918783,
    "train_accuracy": 99.6375,
    "val_loss": 4.0337530052185055,
    "val_accuracy": 59.81,
    "learning_rate": 0.05490651038020997
}