{
    "epoch": 79,
    "train_loss": 0.009658501762524247,
    "train_accuracy": 99.7725,
    "val_loss": 3.3169620162963867,
    "val_accuracy": 60.48,
    "learning_rate": 0.0017073986943189968
}