{
    "epoch": 117,
    "train_loss": 0.0397695557795465,
    "train_accuracy": 98.7625,
    "val_loss": 3.8348878158569337,
    "val_accuracy": 58.61,
    "learning_rate": 0.07211940171191605
}