{
    "epoch": 80,
    "train_loss": 0.008520307089574635,
    "train_accuracy": 99.8125,
    "val_loss": 3.3526791175842283,
    "val_accuracy": 60.45,
    "learning_rate": 0.0009637671417005375
}