{
    "epoch": 147,
    "train_loss": 0.002503470956766978,
    "train_accuracy": 99.94,
    "val_loss": 4.011215640258789,
    "val_accuracy": 60.94,
    "learning_rate": 0.02500527734616098
}