{
    "epoch": 110,
    "train_loss": 0.06636356995403767,
    "train_accuracy": 97.7375,
    "val_loss": 3.7491845516204836,
    "val_accuracy": 57.49,
    "learning_rate": 0.08172388780541398
}