{
    "epoch": 13,
    "train_loss": 2.664279013442993,
    "train_accuracy": 31.5575,
    "val_loss": 2.776872761154175,
    "val_accuracy": 29.88,
    "learning_rate": 0.09830171610795573
}