{
    "epoch": 31,
    "train_loss": 0.5745476726531983,
    "train_accuracy": 82.1375,
    "val_loss": 1.9348544750213623,
    "val_accuracy": 57.51,
    "learning_rate": 0.0067101217523867955
}