{
    "epoch": 84,
    "train_loss": 0.5146003799378872,
    "train_accuracy": 85.775,
    "val_loss": 2.712860446548462,
    "val_accuracy": 53.95,
    "learning_rate": 0.09997340040973055
}