{
    "epoch": 157,
    "train_loss": 0.0016287624216405675,
    "train_accuracy": 99.9625,
    "val_loss": 4.040354615592957,
    "val_accuracy": 60.91,
    "learning_rate": 0.01241233252865764
}