{
    "epoch": 135,
    "train_loss": 0.005808832164015621,
    "train_accuracy": 99.85,
    "val_loss": 3.975348091506958,
    "val_accuracy": 60.71,
    "learning_rate": 0.04347943853643904
}