{
    "epoch": 23,
    "train_loss": 1.3330781398773193,
    "train_accuracy": 61.65,
    "val_loss": 1.9375916973114014,
    "val_accuracy": 52.12,
    "learning_rate": 0.050021410284518696
}