{
    "epoch": 175,
    "train_loss": 0.0014801461438997648,
    "train_accuracy": 99.9725,
    "val_loss": 4.068566909980774,
    "val_accuracy": 61.09,
    "learning_rate": 0.0004294352596527465
}