{
    "epoch": 78,
    "train_loss": 0.008734576344117522,
    "train_accuracy": 99.8075,
    "val_loss": 3.3290852615356443,
    "val_accuracy": 60.45,
    "learning_rate": 0.002657828720820179
}