{
    "epoch": 178,
    "train_loss": 0.0013226272168685683,
    "train_accuracy": 99.9775,
    "val_loss": 4.033954558563233,
    "val_accuracy": 60.87,
    "learning_rate": 2.7941672944310403e-05
}