{
    "epoch": 155,
    "train_loss": 0.001883134468877688,
    "train_accuracy": 99.96,
    "val_loss": 4.0207154146194455,
    "val_accuracy": 60.86,
    "learning_rate": 0.014649211138395705
}