{
    "epoch": 5,
    "train_loss": 3.2980598770141603,
    "train_accuracy": 19.39,
    "val_loss": 3.230179532623291,
    "val_accuracy": 20.7,
    "learning_rate": 0.05004232056538018
}