{
    "epoch": 55,
    "train_loss": 0.21478104577064513,
    "train_accuracy": 92.7575,
    "val_loss": 2.8563519386291505,
    "val_accuracy": 56.58,
    "learning_rate": 0.06295142145483214
}