{
    "epoch": 69,
    "train_loss": 0.02067043410539627,
    "train_accuracy": 99.3625,
    "val_loss": 3.3018372169494627,
    "val_accuracy": 60.22,
    "learning_rate": 0.019571028217938286
}