{
    "test_loss": 3.687793698883057,
    "test_accuracy": 59.54,
    "num_mistakes": 4046,
    "total_samples": 10000,
    "hierarchical_distance_avg": [
        1.3529,
        2.56884,
        2.57794,
        2.47105,
        2.01842
    ],
    "hierarchical_distance_top": [
        1.3529,
        0.3101,
        0.1406,
        0.0503,
        0.0
    ],
    "hierarchical_distance_mistakes": [
        3.343796342066238,
        2.7359367276322293,
        2.692511122095897,
        2.5950815620365795,
        2.1350173010380624
    ],
    "hierarchical_precision": [
        84.9677777777778,
        78.42878048780486,
        79.28469135802467,
        81.10496894409935,
        99.84811647264088
    ],
    "hierarchical_mAP": [
        84.9677777777778,
        80.48207842673507,
        79.66692706131238,
        80.00573932807532,
        87.21955543098164
    ]
}