{
    "epoch": 48,
    "train_loss": 0.5062443544864654,
    "train_accuracy": 83.78,
    "val_loss": 2.4553815440177917,
    "val_accuracy": 54.72,
    "learning_rate": 0.08297532095367302
}