{
    "epoch": 144,
    "train_loss": 0.0024610582800349222,
    "train_accuracy": 99.955,
    "val_loss": 3.9636858662605285,
    "val_accuracy": 61.42,
    "learning_rate": 0.029370116581643155
}