{
    "epoch": 50,
    "train_loss": 0.4098867105960846,
    "train_accuracy": 86.675,
    "val_loss": 2.7705891774177553,
    "val_accuracy": 53.99,
    "learning_rate": 0.07778742639183467
}