{
    "epoch": 135,
    "train_loss": 0.0071351850335486236,
    "train_accuracy": 99.8175,
    "val_loss": 3.985831826066971,
    "val_accuracy": 61.48,
    "learning_rate": 0.04347943853643904
}