{
    "epoch": 178,
    "train_loss": 0.0013606669728411362,
    "train_accuracy": 99.9675,
    "val_loss": 4.018145083808899,
    "val_accuracy": 61.9,
    "learning_rate": 2.7941672944310403e-05
}