{
    "epoch": 24,
    "train_loss": 1.2323137819290162,
    "train_accuracy": 64.05,
    "val_loss": 1.8138032739639283,
    "val_accuracy": 53.64,
    "learning_rate": 0.0434949876169479
}