{
    "epoch": 13,
    "train_loss": 2.592583068084717,
    "train_accuracy": 32.67,
    "val_loss": 2.696683840560913,
    "val_accuracy": 32.12,
    "learning_rate": 0.09830171610795573
}