{
    "epoch": 63,
    "train_loss": 0.06325104021430016,
    "train_accuracy": 97.9875,
    "val_loss": 3.2414674958229064,
    "val_accuracy": 59.27,
    "learning_rate": 0.03706977632946106
}