{
    "epoch": 16,
    "train_loss": 2.0845252311706544,
    "train_accuracy": 43.665,
    "val_loss": 2.3368404956817628,
    "val_accuracy": 39.93,
    "learning_rate": 0.08968049624368321
}