{
    "epoch": 66,
    "train_loss": 0.034014821502566336,
    "train_accuracy": 98.945,
    "val_loss": 3.298799409675598,
    "val_accuracy": 59.77,
    "learning_rate": 0.027895664049171917
}