{
    "epoch": 58,
    "train_loss": 0.14552423957586288,
    "train_accuracy": 95.16,
    "val_loss": 2.9996252085208894,
    "val_accuracy": 58.97,
    "learning_rate": 0.053281056445674956
}