{
    "epoch": 0,
    "train_loss": 4.891676930999756,
    "train_accuracy": 3.5875,
    "val_loss": 4.149076275634766,
    "val_accuracy": 6.38,
    "learning_rate": 0.0983071154165124
}