{
    "epoch": 108,
    "train_loss": 0.07860554554462433,
    "train_accuracy": 97.43,
    "val_loss": 3.6603619874954223,
    "val_accuracy": 58.59,
    "learning_rate": 0.08418358853464127
}