{
    "epoch": 62,
    "train_loss": 0.07388191923201085,
    "train_accuracy": 97.56,
    "val_loss": 3.23575261220932,
    "val_accuracy": 59.08,
    "learning_rate": 0.04025633590746662
}