{
    "epoch": 6,
    "train_loss": 3.1442573890686036,
    "train_accuracy": 22.065,
    "val_loss": 3.1152890071868895,
    "val_accuracy": 23.27,
    "learning_rate": 0.03710007724525407
}