{
    "epoch": 53,
    "train_loss": 0.30561019854545596,
    "train_accuracy": 89.9425,
    "val_loss": 2.774190073299408,
    "val_accuracy": 55.62,
    "learning_rate": 0.06914413915037691
}