{
    "epoch": 86,
    "train_loss": 0.3027178985118866,
    "train_accuracy": 90.09,
    "val_loss": 2.9905998620033265,
    "val_accuracy": 54.23,
    "learning_rate": 0.09975975086087167
}