{
    "epoch": 91,
    "train_loss": 0.24505252809524536,
    "train_accuracy": 91.875,
    "val_loss": 3.113262965583801,
    "val_accuracy": 55.78,
    "learning_rate": 0.0982976610825792
}