{
    "epoch": 162,
    "train_loss": 0.0012864353688899427,
    "train_accuracy": 99.9625,
    "val_loss": 4.018655253505707,
    "val_accuracy": 61.91,
    "learning_rate": 0.007543576269155886
}