{
    "epoch": 156,
    "train_loss": 0.0017670488689094782,
    "train_accuracy": 99.965,
    "val_loss": 4.040780857467651,
    "val_accuracy": 61.81,
    "learning_rate": 0.013511235024080345
}