{
    "epoch": 109,
    "train_loss": 0.07333113437592984,
    "train_accuracy": 97.54,
    "val_loss": 3.6939252229690553,
    "val_accuracy": 58.39,
    "learning_rate": 0.08297139119809048
}