{
    "epoch": 166,
    "train_loss": 0.0013864249390200712,
    "train_accuracy": 99.97,
    "val_loss": 4.027007563972473,
    "val_accuracy": 61.66,
    "learning_rate": 0.004459921890185465
}