{
    "epoch": 118,
    "train_loss": 0.03153305327445269,
    "train_accuracy": 99.0075,
    "val_loss": 3.7672820442199706,
    "val_accuracy": 59.85,
    "learning_rate": 0.07064040662948552
}