{
    "epoch": 94,
    "train_loss": 0.18583385745286943,
    "train_accuracy": 93.7775,
    "val_loss": 3.2637739517211912,
    "val_accuracy": 55.48,
    "learning_rate": 0.09679716954137191
}