{
    "epoch": 179,
    "train_loss": 0.001364562906732317,
    "train_accuracy": 99.9675,
    "val_loss": 4.028649915504456,
    "val_accuracy": 62.12,
    "learning_rate": 1.0002732777487726e-06
}