{
    "epoch": 39,
    "train_loss": 1.0556362281799316,
    "train_accuracy": 68.33,
    "val_loss": 2.031041487503052,
    "val_accuracy": 51.62,
    "learning_rate": 0.09829901328567128
}