{
    "epoch": 85,
    "train_loss": 0.36455924458503725,
    "train_accuracy": 88.1225,
    "val_loss": 2.8852134707450867,
    "val_accuracy": 54.59,
    "learning_rate": 0.09989328885929542
}