{
    "epoch": 151,
    "train_loss": 0.0018111980028217658,
    "train_accuracy": 99.965,
    "val_loss": 3.9698438097000124,
    "val_accuracy": 61.86,
    "learning_rate": 0.019566880407770087
}