{
    "epoch": 56,
    "train_loss": 0.19872206897735595,
    "train_accuracy": 93.4175,
    "val_loss": 2.928591275405884,
    "val_accuracy": 57.6,
    "learning_rate": 0.0597651725922467
}