{
    "epoch": 54,
    "train_loss": 0.2663849777936935,
    "train_accuracy": 91.235,
    "val_loss": 2.860187828540802,
    "val_accuracy": 57.0,
    "learning_rate": 0.06608221248348639
}