{
    "epoch": 171,
    "train_loss": 0.0012396230810089036,
    "train_accuracy": 99.9825,
    "val_loss": 4.008357158565521,
    "val_accuracy": 62.03,
    "learning_rate": 0.0017060449074307274
}