{
    "epoch": 33,
    "train_loss": 0.4871173557281494,
    "train_accuracy": 85.365,
    "val_loss": 1.9178878940582276,
    "val_accuracy": 58.35,
    "learning_rate": 0.0017101078517881574
}