{
    "epoch": 102,
    "train_loss": 0.11371439352631568,
    "train_accuracy": 96.1575,
    "val_loss": 3.3902352727890013,
    "val_accuracy": 57.61,
    "learning_rate": 0.0906454725277806
}