{
    "epoch": 49,
    "train_loss": 0.44606509318351745,
    "train_accuracy": 85.4075,
    "val_loss": 2.580981586074829,
    "val_accuracy": 55.31,
    "learning_rate": 0.08044656102649374
}