{
    "epoch": 128,
    "train_loss": 0.012822249404899776,
    "train_accuracy": 99.575,
    "val_loss": 3.9413685502529145,
    "val_accuracy": 60.87,
    "learning_rate": 0.05490651038020997
}