{
    "epoch": 119,
    "train_loss": 0.029866387769579887,
    "train_accuracy": 98.9525,
    "val_loss": 3.7693493911743166,
    "val_accuracy": 59.7,
    "learning_rate": 0.06913930981806288
}