{
    "epoch": 126,
    "train_loss": 0.013665066455863416,
    "train_accuracy": 99.5625,
    "val_loss": 3.9069858543872833,
    "val_accuracy": 60.95,
    "learning_rate": 0.05815034992581608
}