{
    "epoch": 18,
    "train_loss": 1.8393600536346435,
    "train_accuracy": 49.38,
    "val_loss": 2.0603978538513186,
    "val_accuracy": 46.62,
    "learning_rate": 0.08045485365201567
}