{
    "epoch": 52,
    "train_loss": 0.33317630801200865,
    "train_accuracy": 89.0425,
    "val_loss": 2.740810210239887,
    "val_accuracy": 56.67,
    "learning_rate": 0.07212408981544056
}