{
    "epoch": 76,
    "train_loss": 0.010449809111282229,
    "train_accuracy": 99.775,
    "val_loss": 3.357349825191498,
    "val_accuracy": 61.01,
    "learning_rate": 0.005161936531394822
}