{
    "epoch": 8,
    "train_loss": 2.7713729034423826,
    "train_accuracy": 29.235,
    "val_loss": 2.7353565628051757,
    "val_accuracy": 30.4,
    "learning_rate": 0.014675098466574991
}