{
    "epoch": 163,
    "train_loss": 0.0014267236212152055,
    "train_accuracy": 99.9625,
    "val_loss": 4.012724038314819,
    "val_accuracy": 61.97,
    "learning_rate": 0.006702276845781702
}