{
    "test_loss": 3.6632589111328127,
    "test_accuracy": 60.02,
    "num_mistakes": 3998,
    "total_samples": 10000,
    "hierarchical_distance_avg": [
        1.3218,
        2.5529,
        2.55577,
        2.44557,
        1.993862
    ],
    "hierarchical_distance_top": [
        1.3218,
        0.2882,
        0.1307,
        0.0502,
        0.0
    ],
    "hierarchical_distance_mistakes": [
        3.306153076538269,
        2.7111555777888943,
        2.6625312656328166,
        2.5596173086543272,
        2.1042846423211605
    ],
    "hierarchical_precision": [
        85.31333333333333,
        78.6231707317073,
        79.55839506172838,
        81.42149068322979,
        100.19933640342101
    ],
    "hierarchical_mAP": [
        85.31333333333333,
        80.68769311247337,
        79.90464030621563,
        80.28356464946211,
        87.55572631069403
    ]
}