{
    "epoch": 100,
    "train_loss": 0.13880523158311844,
    "train_accuracy": 95.4075,
    "val_loss": 3.687181266975403,
    "val_accuracy": 54.7,
    "learning_rate": 0.09246294475549613
}