{
    "epoch": 18,
    "train_loss": 1.9436658042907715,
    "train_accuracy": 47.075,
    "val_loss": 2.165242408370972,
    "val_accuracy": 43.72,
    "learning_rate": 0.08045485365201567
}