{
    "epoch": 147,
    "train_loss": 0.0037839832881698386,
    "train_accuracy": 99.885,
    "val_loss": 4.3885376796722415,
    "val_accuracy": 58.38,
    "learning_rate": 0.02500527734616098
}