{
    "epoch": 49,
    "train_loss": 0.4783178167819977,
    "train_accuracy": 84.565,
    "val_loss": 2.8434452041625975,
    "val_accuracy": 51.8,
    "learning_rate": 0.08044656102649374
}