{
    "epoch": 37,
    "train_loss": 1.2812452100753784,
    "train_accuracy": 62.4025,
    "val_loss": 2.0715083711624147,
    "val_accuracy": 49.53,
    "learning_rate": 0.09957361093243863
}