{
    "epoch": 118,
    "train_loss": 0.03893206381201744,
    "train_accuracy": 98.8,
    "val_loss": 4.124034530830383,
    "val_accuracy": 56.5,
    "learning_rate": 0.07064040662948552
}