{
    "epoch": 135,
    "train_loss": 0.0067823068500496445,
    "train_accuracy": 99.8225,
    "val_loss": 4.252293168354035,
    "val_accuracy": 58.13,
    "learning_rate": 0.04347943853643904
}