{
    "epoch": 23,
    "train_loss": 1.4021694395065307,
    "train_accuracy": 60.03,
    "val_loss": 2.0139272493362426,
    "val_accuracy": 49.56,
    "learning_rate": 0.050021410284518696
}