{
    "epoch": 36,
    "train_loss": 1.480877135848999,
    "train_accuracy": 57.8525,
    "val_loss": 2.424884616470337,
    "val_accuracy": 44.75,
    "learning_rate": 0.09989362994073325
}