{
    "epoch": 21,
    "train_loss": 1.6067141345977782,
    "train_accuracy": 54.97,
    "val_loss": 2.0485237134933474,
    "val_accuracy": 48.15,
    "learning_rate": 0.06296151949778338
}