{
    "epoch": 134,
    "train_loss": 0.008452123067248612,
    "train_accuracy": 99.77,
    "val_loss": 4.304449920463562,
    "val_accuracy": 57.8,
    "learning_rate": 0.04510489441796605
}