{
    "epoch": 136,
    "train_loss": 0.006260242863744497,
    "train_accuracy": 99.8425,
    "val_loss": 4.269640916824341,
    "val_accuracy": 58.28,
    "learning_rate": 0.04186096557086201
}