{
    "epoch": 171,
    "train_loss": 0.001877997389039956,
    "train_accuracy": 99.955,
    "val_loss": 4.3548680809021,
    "val_accuracy": 58.65,
    "learning_rate": 0.0017060449074307274
}