{
    "epoch": 10,
    "train_loss": 2.712310139083862,
    "train_accuracy": 31.14,
    "val_loss": 2.7119698989868164,
    "val_accuracy": 31.8,
    "learning_rate": 0.0017155325010822899
}