{
    "epoch": 15,
    "train_loss": 2.3519346393585203,
    "train_accuracy": 38.12,
    "val_loss": 2.50095168762207,
    "val_accuracy": 36.03,
    "learning_rate": 0.09331178853213189
}