{
    "epoch": 165,
    "train_loss": 0.0021799665679223834,
    "train_accuracy": 99.9475,
    "val_loss": 4.379256044387818,
    "val_accuracy": 58.4,
    "learning_rate": 0.005159623700482865
}