{
    "epoch": 138,
    "train_loss": 0.005354174188710749,
    "train_accuracy": 99.8675,
    "val_loss": 4.330843983078003,
    "val_accuracy": 58.11,
    "learning_rate": 0.03865189145978759
}