{
    "epoch": 6,
    "train_loss": 3.2167064643859864,
    "train_accuracy": 20.92,
    "val_loss": 3.140433059310913,
    "val_accuracy": 22.93,
    "learning_rate": 0.03710007724525407
}