{
    "epoch": 163,
    "train_loss": 0.0018810444655362516,
    "train_accuracy": 99.9575,
    "val_loss": 4.373081449317932,
    "val_accuracy": 58.6,
    "learning_rate": 0.006702276845781702
}