{
    "epoch": 60,
    "train_loss": 0.11847963920235634,
    "train_accuracy": 96.105,
    "val_loss": 3.325895223045349,
    "val_accuracy": 55.89,
    "learning_rate": 0.04674080906877564
}