{
    "epoch": 159,
    "train_loss": 0.0024139694169629366,
    "train_accuracy": 99.9375,
    "val_loss": 4.292808095932007,
    "val_accuracy": 58.68,
    "learning_rate": 0.010336412222672313
}