{
    "epoch": 153,
    "train_loss": 0.0026682588699273764,
    "train_accuracy": 99.9225,
    "val_loss": 4.346678846359253,
    "val_accuracy": 58.17,
    "learning_rate": 0.017037469394267778
}