{
    "epoch": 59,
    "train_loss": 0.13334024028778077,
    "train_accuracy": 95.58,
    "val_loss": 3.392212724876404,
    "val_accuracy": 54.81,
    "learning_rate": 0.050010955142487906
}