{
    "epoch": 149,
    "train_loss": 0.003411100133089349,
    "train_accuracy": 99.9025,
    "val_loss": 4.342079213905334,
    "val_accuracy": 58.44,
    "learning_rate": 0.02222661285262064
}