{
    "epoch": 85,
    "train_loss": 0.3904337951183319,
    "train_accuracy": 87.2225,
    "val_loss": 2.842060648345947,
    "val_accuracy": 53.58,
    "learning_rate": 0.09989328885929542
}