{
    "epoch": 8,
    "train_loss": 2.931122261047363,
    "train_accuracy": 26.4425,
    "val_loss": 2.8708097702026367,
    "val_accuracy": 28.06,
    "learning_rate": 0.014675098466574991
}