{
    "epoch": 103,
    "train_loss": 0.11749931351542472,
    "train_accuracy": 96.1225,
    "val_loss": 3.824641584396362,
    "val_accuracy": 54.25,
    "learning_rate": 0.0896709524648439
}