{
    "epoch": 44,
    "train_loss": 0.7599461243629455,
    "train_accuracy": 76.3475,
    "val_loss": 2.4539262439727785,
    "val_accuracy": 50.63,
    "learning_rate": 0.0915793725373808
}