{
    "epoch": 177,
    "train_loss": 0.0017310399783775211,
    "train_accuracy": 99.955,
    "val_loss": 4.311673182868957,
    "val_accuracy": 58.59,
    "learning_rate": 0.00010839493974358295
}