{
    "epoch": 114,
    "train_loss": 0.05467260407656431,
    "train_accuracy": 98.2775,
    "val_loss": 4.076859796905517,
    "val_accuracy": 55.64,
    "learning_rate": 0.0764080676192126
}