{
    "epoch": 131,
    "train_loss": 0.010675872734189034,
    "train_accuracy": 99.685,
    "val_loss": 4.269253722190857,
    "val_accuracy": 57.41,
    "learning_rate": 0.05000572757127253
}