{
    "epoch": 155,
    "train_loss": 0.002369759297184646,
    "train_accuracy": 99.93,
    "val_loss": 4.291600747871399,
    "val_accuracy": 58.39,
    "learning_rate": 0.014649211138395705
}