{
    "epoch": 156,
    "train_loss": 0.0022561179460957644,
    "train_accuracy": 99.9525,
    "val_loss": 4.318279076194763,
    "val_accuracy": 58.63,
    "learning_rate": 0.013511235024080345
}