{
    "epoch": 38,
    "train_loss": 1.187058667945862,
    "train_accuracy": 65.165,
    "val_loss": 2.377236511039734,
    "val_accuracy": 46.78,
    "learning_rate": 0.09904131225252887
}