{
    "epoch": 92,
    "train_loss": 0.22810031390190125,
    "train_accuracy": 92.5625,
    "val_loss": 3.380795533180237,
    "val_accuracy": 54.0,
    "learning_rate": 0.09784855553877175
}