{
    "epoch": 29,
    "train_loss": 0.7989916400909424,
    "train_accuracy": 75.925,
    "val_loss": 1.9952816877365112,
    "val_accuracy": 54.35,
    "learning_rate": 0.014660303389827656
}