{
    "epoch": 45,
    "train_loss": 0.6922395873069763,
    "train_accuracy": 78.565,
    "val_loss": 2.418661474609375,
    "val_accuracy": 52.21,
    "learning_rate": 0.0896741341581498
}