{
    "epoch": 22,
    "train_loss": 1.5126476224899292,
    "train_accuracy": 57.2425,
    "val_loss": 1.9609020359039306,
    "val_accuracy": 49.52,
    "learning_rate": 0.056547475171323934
}