{
    "epoch": 113,
    "train_loss": 0.06325349058806896,
    "train_accuracy": 97.9575,
    "val_loss": 3.928019400405884,
    "val_accuracy": 55.74,
    "learning_rate": 0.07778308028069787
}