{
    "test_loss": 3.8403690895080564,
    "test_accuracy": 58.39,
    "num_mistakes": 4161,
    "total_samples": 10000,
    "hierarchical_distance_avg": [
        1.3647,
        2.54288,
        2.55953,
        2.456685,
        2.009869
    ],
    "hierarchical_distance_top": [
        1.3647,
        0.3081,
        0.1409,
        0.0514,
        0.0
    ],
    "hierarchical_distance_mistakes": [
        3.279740447007931,
        2.6832492189377555,
        2.6551069454458065,
        2.5616678683008893,
        2.1139317471761596
    ],
    "hierarchical_precision": [
        84.83666666666667,
        78.74536585365853,
        79.51197530864196,
        81.2834161490683,
        99.97040988530073
    ],
    "hierarchical_mAP": [
        84.83666666666667,
        80.64980686057127,
        79.87807787732253,
        80.20370094127493,
        87.35123855162769
    ]
}