{
    "epoch": 4,
    "train_loss": 3.536766548919678,
    "train_accuracy": 14.995,
    "val_loss": 3.4779671001434327,
    "val_accuracy": 16.45,
    "learning_rate": 0.06298171388308739
}