{
    "epoch": 38,
    "train_loss": 1.3576450689315795,
    "train_accuracy": 60.8875,
    "val_loss": 2.177227568054199,
    "val_accuracy": 48.35,
    "learning_rate": 0.09904131225252887
}