{
    "epoch": 39,
    "train_loss": 1.286101425743103,
    "train_accuracy": 62.32,
    "val_loss": 2.0504125473022463,
    "val_accuracy": 50.25,
    "learning_rate": 0.09829901328567128
}