{
    "epoch": 34,
    "train_loss": 0.7381810577392578,
    "train_accuracy": 78.01,
    "val_loss": 1.9309192449569703,
    "val_accuracy": 55.74,
    "learning_rate": 0.000431486328593662
}