{
    "epoch": 11,
    "train_loss": 2.659276927947998,
    "train_accuracy": 31.8325,
    "val_loss": 2.720586069869995,
    "val_accuracy": 31.14,
    "learning_rate": 1.0174897748445454e-06
}