{
    "epoch": 21,
    "train_loss": 1.8243895780563355,
    "train_accuracy": 49.8025,
    "val_loss": 2.111830101966858,
    "val_accuracy": 45.03,
    "learning_rate": 0.06296151949778338
}