{
    "epoch": 22,
    "train_loss": 1.728351194190979,
    "train_accuracy": 52.195,
    "val_loss": 2.180862463569641,
    "val_accuracy": 44.85,
    "learning_rate": 0.056547475171323934
}