{
    "epoch": 41,
    "train_loss": 1.1243237392425538,
    "train_accuracy": 66.7275,
    "val_loss": 2.2421377367019653,
    "val_accuracy": 49.3,
    "learning_rate": 0.09619801468570835
}