{
    "epoch": 10,
    "train_loss": 2.7104020290374757,
    "train_accuracy": 30.6075,
    "val_loss": 2.733650428390503,
    "val_accuracy": 30.88,
    "learning_rate": 0.0017155325010822899
}