{
    "epoch": 37,
    "train_loss": 1.4648551029205323,
    "train_accuracy": 57.8925,
    "val_loss": 2.064415351963043,
    "val_accuracy": 48.71,
    "learning_rate": 0.09957361093243863
}