{
    "epoch": 16,
    "train_loss": 2.381863871383667,
    "train_accuracy": 36.9275,
    "val_loss": 2.7061450843811037,
    "val_accuracy": 32.92,
    "learning_rate": 0.08968049624368321
}