{
    "epoch": 47,
    "train_loss": 0.7319330674171448,
    "train_accuracy": 77.195,
    "val_loss": 2.4653394132614137,
    "val_accuracy": 51.34,
    "learning_rate": 0.08536287763514207
}