{
    "epoch": 23,
    "train_loss": 1.6276328159332276,
    "train_accuracy": 54.5675,
    "val_loss": 2.0448007511138915,
    "val_accuracy": 48.15,
    "learning_rate": 0.050021410284518696
}