{
    "test_loss": 2.3454105041503905,
    "test_accuracy": 50.97,
    "num_mistakes": 4903,
    "total_samples": 10000,
    "hierarchical_distance_avg": [
        1.5741,
        2.56406,
        2.57677,
        2.485715,
        2.010256
    ],
    "hierarchical_distance_top": [
        1.5741,
        0.3676,
        0.1659,
        0.0591,
        0.0
    ],
    "hierarchical_distance_mistakes": [
        3.210483377523965,
        2.6795023455027533,
        2.66143177646339,
        2.581205384458495,
        2.1063899653273506
    ],
    "hierarchical_precision": [
        82.51,
        78.48707317073168,
        79.29913580246912,
        80.9227950310559,
        99.96487514659188
    ],
    "hierarchical_mAP": [
        82.51,
        79.83964151471673,
        79.38144072128237,
        79.81429321014578,
        87.01373584528105
    ]
}